trial_id,label,label_binary,task_name,TimeStamp(s),FrameCounter,SampleIndex,RelativeIndex,AccX,AccY,AccZ,GyrX,GyrY,GyrZ,AccMag,Jerk,PreTrigger,TriggerIndex,Reason
S01_walk_008,not_fall,0,walk,0.00,1,0,-160,-0.958,-0.096,0.315,24.2,-4.6,-2.4,1.013,2.367,True,160,suspected_fall_peak1.70_az0.03_maxGyro111.0_thetaSwing25.1
S01_walk_008,not_fall,0,walk,0.01,2,1,-159,-0.925,-0.094,0.311,22.2,-3.1,0.4,0.98,3.324,True,160,suspected_fall_peak1.70_az0.03_maxGyro111.0_thetaSwing25.1
S01_walk_008,not_fall,0,walk,0.02,3,2,-158,-0.895,-0.11,0.332,16.7,0.8,2.0,0.961,1.928,True,160,suspected_fall_peak1.70_az0.03_maxGyro111.0_thetaSwing25.1
S01_walk_008,not_fall,0,walk,0.03,4,3,-157,-0.855,-0.144,0.351,12.3,4.3,4.3,0.936,2.488,True,160,suspected_fall_peak1.70_az0.03_maxGyro111.0_thetaSwing25.1
S01_walk_008,not_fall,0,walk,0.04,5,4,-156,-0.83,-0.149,0.364,8.8,6.8,6.0,0.919,1.716,True,160,suspected_fall_peak1.70_az0.03_maxGyro111.0_thetaSwing25.1
S01_walk_008,not_fall,0,walk,0.05,6,5,-155,-0.85,-0.152,0.411,6.4,9.0,7.3,0.957,3.78,True,160,suspected_fall_peak1.70_az0.03_maxGyro111.0_thetaSwing25.1
S01_walk_008,not_fall,0,walk,0.06,7,6,-154,-0.864,-0.146,0.442,8.7,9.8,10.8,0.982,2.511,True,160,suspected_fall_peak1.70_az0.03_maxGyro111.0_thetaSwing25.1
S01_walk_008,not_fall,0,walk,0.07,8,7,-153,-0.864,-0.129,0.443,12.0,8.4,13.7,0.98,0.164,True,160,suspected_fall_peak1.70_az0.03_maxGyro111.0_thetaSwing25.1
S01_walk_008,not_fall,0,walk,0.08,9,8,-152,-0.867,-0.123,0.455,15.8,5.3,15.2,0.987,0.719,True,160,suspected_fall_peak1.70_az0.03_maxGyro111.0_thetaSwing25.1
S01_walk_008,not_fall,0,walk,0.09,10,9,-151,-0.877,-0.1,0.446,20.3,1.6,15.8,0.99,0.25,True,160,suspected_fall_peak1.70_az0.03_maxGyro111.0_thetaSwing25.1
S01_walk_008,not_fall,0,walk,0.10,11,10,-150,-0.895,-0.092,0.446,22.5,-1.2,16.3,1.004,1.44,True,160,suspected_fall_peak1.70_az0.03_maxGyro111.0_thetaSwing25.1
S01_walk_008,not_fall,0,walk,0.11,12,11,-149,-0.904,-0.077,0.428,24.9,-4.6,17.0,1.003,0.113,True,160,suspected_fall_peak1.70_az0.03_maxGyro111.0_thetaSwing25.1
S01_walk_008,not_fall,0,walk,0.12,13,12,-148,-0.921,-0.068,0.42,26.6,-7.6,17.1,1.015,1.2,True,160,suspected_fall_peak1.70_az0.03_maxGyro111.0_thetaSwing25.1
S01_walk_008,not_fall,0,walk,0.13,14,13,-147,-0.915,-0.046,0.418,26.4,-9.7,17.0,1.007,0.8,True,160,suspected_fall_peak1.70_az0.03_maxGyro111.0_thetaSwing25.1
S01_walk_008,not_fall,0,walk,0.14,15,14,-146,-0.936,-0.048,0.422,25.0,-10.3,16.2,1.028,2.143,True,160,suspected_fall_peak1.70_az0.03_maxGyro111.0_thetaSwing25.1
S01_walk_008,not_fall,0,walk,0.15,16,15,-145,-0.941,-0.042,0.42,23.4,-10.6,15.0,1.031,0.307,True,160,suspected_fall_peak1.70_az0.03_maxGyro111.0_thetaSwing25.1
S01_walk_008,not_fall,0,walk,0.16,17,16,-144,-0.944,-0.034,0.425,23.2,-11.1,14.6,1.036,0.45,True,160,suspected_fall_peak1.70_az0.03_maxGyro111.0_thetaSwing25.1
S01_walk_008,not_fall,0,walk,0.17,18,17,-143,-0.947,-0.02,0.431,23.4,-12.7,13.7,1.041,0.469,True,160,suspected_fall_peak1.70_az0.03_maxGyro111.0_thetaSwing25.1
S01_walk_008,not_fall,0,walk,0.18,19,18,-142,-0.953,-0.011,0.41,23.4,-14.3,13.0,1.037,0.329,True,160,suspected_fall_peak1.70_az0.03_maxGyro111.0_thetaSwing25.1
S01_walk_008,not_fall,0,walk,0.19,20,19,-141,-0.966,0.008,0.427,22.0,-14.0,11.8,1.057,1.924,True,160,suspected_fall_peak1.70_az0.03_maxGyro111.0_thetaSwing25.1
S01_walk_008,not_fall,0,walk,0.20,21,20,-140,-0.98,0.024,0.438,19.3,-11.4,10.2,1.074,1.774,True,160,suspected_fall_peak1.70_az0.03_maxGyro111.0_thetaSwing25.1
S01_walk_008,not_fall,0,walk,0.21,22,21,-139,-0.983,0.029,0.449,17.1,-7.4,9.4,1.081,0.7,True,160,suspected_fall_peak1.70_az0.03_maxGyro111.0_thetaSwing25.1
S01_walk_008,not_fall,0,walk,0.22,23,22,-138,-0.96,0.061,0.434,16.5,-3.7,9.3,1.056,2.546,True,160,suspected_fall_peak1.70_az0.03_maxGyro111.0_thetaSwing25.1
S01_walk_008,not_fall,0,walk,0.23,24,23,-137,-0.966,0.051,0.454,13.8,1.2,5.7,1.069,1.325,True,160,suspected_fall_peak1.70_az0.03_maxGyro111.0_thetaSwing25.1
S01_walk_008,not_fall,0,walk,0.24,25,24,-136,-0.967,0.051,0.437,16.3,7.6,7.0,1.063,0.659,True,160,suspected_fall_peak1.70_az0.03_maxGyro111.0_thetaSwing25.1
S01_walk_008,not_fall,0,walk,0.25,26,25,-135,-0.903,0.078,0.398,18.6,12.6,8.6,0.99,7.272,True,160,suspected_fall_peak1.70_az0.03_maxGyro111.0_thetaSwing25.1
S01_walk_008,not_fall,0,walk,0.26,27,26,-134,-0.862,0.103,0.341,16.4,12.5,7.6,0.933,5.665,True,160,suspected_fall_peak1.70_az0.03_maxGyro111.0_thetaSwing25.1
S01_walk_008,not_fall,0,walk,0.27,28,27,-133,-0.819,0.137,0.312,13.8,11.2,4.9,0.887,4.6,True,160,suspected_fall_peak1.70_az0.03_maxGyro111.0_thetaSwing25.1
S01_walk_008,not_fall,0,walk,0.28,29,28,-132,-0.786,0.171,0.28,9.4,13.7,0.6,0.852,3.482,True,160,suspected_fall_peak1.70_az0.03_maxGyro111.0_thetaSwing25.1
S01_walk_008,not_fall,0,walk,0.29,30,29,-131,-0.779,0.199,0.272,2.1,16.9,-5.4,0.849,0.342,True,160,suspected_fall_peak1.70_az0.03_maxGyro111.0_thetaSwing25.1
S01_walk_008,not_fall,0,walk,0.30,31,30,-130,-0.793,0.193,0.257,-4.9,20.1,-12.3,0.856,0.699,True,160,suspected_fall_peak1.70_az0.03_maxGyro111.0_thetaSwing25.1
S01_walk_008,not_fall,0,walk,0.31,32,31,-129,-0.841,0.184,0.251,-13.0,21.4,-17.2,0.897,4.065,True,160,suspected_fall_peak1.70_az0.03_maxGyro111.0_thetaSwing25.1
S01_walk_008,not_fall,0,walk,0.32,33,32,-128,-0.897,0.164,0.273,-21.3,23.9,-20.0,0.953,5.594,True,160,suspected_fall_peak1.70_az0.03_maxGyro111.0_thetaSwing25.1
S01_walk_008,not_fall,0,walk,0.33,34,33,-127,-0.954,0.144,0.313,-29.7,29.8,-21.2,1.014,6.184,True,160,suspected_fall_peak1.70_az0.03_maxGyro111.0_thetaSwing25.1
S01_walk_008,not_fall,0,walk,0.34,35,34,-126,-1.064,0.097,0.388,-38.0,43.3,-22.4,1.137,12.216,True,160,suspected_fall_peak1.70_az0.03_maxGyro111.0_thetaSwing25.1
S01_walk_008,not_fall,0,walk,0.35,36,35,-125,-1.127,0.062,0.439,-43.7,56.3,-19.1,1.211,7.476,True,160,suspected_fall_peak1.70_az0.03_maxGyro111.0_thetaSwing25.1
S01_walk_008,not_fall,0,walk,0.36,37,36,-124,-1.15,0.044,0.485,-45.0,66.2,-14.5,1.249,3.769,True,160,suspected_fall_peak1.70_az0.03_maxGyro111.0_thetaSwing25.1
S01_walk_008,not_fall,0,walk,0.37,38,37,-123,-1.164,0.055,0.51,-38.9,66.8,-8.7,1.272,2.333,True,160,suspected_fall_peak1.70_az0.03_maxGyro111.0_thetaSwing25.1
S01_walk_008,not_fall,0,walk,0.38,39,38,-122,-1.091,0.067,0.511,-31.0,58.1,-4.7,1.207,6.508,True,160,suspected_fall_peak1.70_az0.03_maxGyro111.0_thetaSwing25.1
S01_walk_008,not_fall,0,walk,0.39,40,39,-121,-1.029,0.071,0.535,-20.0,45.5,-3.2,1.162,4.548,True,160,suspected_fall_peak1.70_az0.03_maxGyro111.0_thetaSwing25.1
S01_walk_008,not_fall,0,walk,0.40,41,40,-120,-0.931,0.089,0.506,-10.1,37.2,-5.4,1.064,9.795,True,160,suspected_fall_peak1.70_az0.03_maxGyro111.0_thetaSwing25.1
S01_walk_008,not_fall,0,walk,0.41,42,41,-119,-0.866,0.085,0.46,-3.2,30.4,-11.2,0.985,7.915,True,160,suspected_fall_peak1.70_az0.03_maxGyro111.0_thetaSwing25.1
S01_walk_008,not_fall,0,walk,0.42,43,42,-118,-0.85,0.074,0.437,0.7,22.4,-17.6,0.959,2.609,True,160,suspected_fall_peak1.70_az0.03_maxGyro111.0_thetaSwing25.1
S01_walk_008,not_fall,0,walk,0.43,44,43,-117,-0.837,0.064,0.42,3.3,16.0,-22.9,0.939,1.953,True,160,suspected_fall_peak1.70_az0.03_maxGyro111.0_thetaSwing25.1
S01_walk_008,not_fall,0,walk,0.44,45,44,-116,-0.856,0.055,0.396,5.0,12.5,-26.2,0.945,0.63,True,160,suspected_fall_peak1.70_az0.03_maxGyro111.0_thetaSwing25.1
S01_walk_008,not_fall,0,walk,0.45,46,45,-115,-0.874,0.041,0.408,5.8,12.0,-28.0,0.965,2.004,True,160,suspected_fall_peak1.70_az0.03_maxGyro111.0_thetaSwing25.1
S01_walk_008,not_fall,0,walk,0.46,47,46,-114,-0.884,0.042,0.4,6.5,11.6,-29.1,0.971,0.543,True,160,suspected_fall_peak1.70_az0.03_maxGyro111.0_thetaSwing25.1
S01_walk_008,not_fall,0,walk,0.47,48,47,-113,-0.876,0.047,0.384,6.7,11.9,-29.0,0.958,1.27,True,160,suspected_fall_peak1.70_az0.03_maxGyro111.0_thetaSwing25.1
S01_walk_008,not_fall,0,walk,0.48,49,48,-112,-0.869,0.041,0.369,6.0,12.3,-29.4,0.945,1.262,True,160,suspected_fall_peak1.70_az0.03_maxGyro111.0_thetaSwing25.1
S01_walk_008,not_fall,0,walk,0.49,50,49,-111,-0.876,0.041,0.347,4.8,12.7,-29.6,0.944,0.184,True,160,suspected_fall_peak1.70_az0.03_maxGyro111.0_thetaSwing25.1
S01_walk_008,not_fall,0,walk,0.50,51,50,-110,-0.888,0.025,0.343,3.8,14.4,-28.8,0.952,0.878,True,160,suspected_fall_peak1.70_az0.03_maxGyro111.0_thetaSwing25.1
S01_walk_008,not_fall,0,walk,0.51,52,51,-109,-0.907,0.016,0.339,2.2,15.2,-27.6,0.968,1.599,True,160,suspected_fall_peak1.70_az0.03_maxGyro111.0_thetaSwing25.1
S01_walk_008,not_fall,0,walk,0.52,53,52,-108,-0.906,-0.001,0.342,0.6,16.9,-25.7,0.968,0.024,True,160,suspected_fall_peak1.70_az0.03_maxGyro111.0_thetaSwing25.1
S01_walk_008,not_fall,0,walk,0.53,54,53,-107,-0.919,-0.003,0.334,-0.1,18.7,-23.7,0.978,0.97,True,160,suspected_fall_peak1.70_az0.03_maxGyro111.0_thetaSwing25.1
S01_walk_008,not_fall,0,walk,0.54,55,54,-106,-0.91,-0.022,0.309,-0.8,19.5,-21.4,0.961,1.676,True,160,suspected_fall_peak1.70_az0.03_maxGyro111.0_thetaSwing25.1
S01_walk_008,not_fall,0,walk,0.55,56,55,-105,-0.881,-0.027,0.301,-2.8,17.8,-22.2,0.932,2.933,True,160,suspected_fall_peak1.70_az0.03_maxGyro111.0_thetaSwing25.1
S01_walk_008,not_fall,0,walk,0.56,57,56,-104,-0.887,0.013,0.317,-3.1,20.8,-25.1,0.943,1.092,True,160,suspected_fall_peak1.70_az0.03_maxGyro111.0_thetaSwing25.1
S01_walk_008,not_fall,0,walk,0.57,58,57,-103,-0.864,-0.037,0.274,-2.7,18.7,-24.0,0.907,3.53,True,160,suspected_fall_peak1.70_az0.03_maxGyro111.0_thetaSwing25.1
S01_walk_008,not_fall,0,walk,0.58,59,58,-102,-0.849,-0.056,0.283,-6.0,15.0,-27.6,0.897,1.026,True,160,suspected_fall_peak1.70_az0.03_maxGyro111.0_thetaSwing25.1
S01_walk_008,not_fall,0,walk,0.59,60,59,-101,-0.845,-0.082,0.304,-7.7,14.5,-30.1,0.902,0.488,True,160,suspected_fall_peak1.70_az0.03_maxGyro111.0_thetaSwing25.1
S01_walk_008,not_fall,0,walk,0.60,61,60,-100,-0.833,-0.069,0.342,-8.3,15.4,-33.0,0.903,0.083,True,160,suspected_fall_peak1.70_az0.03_maxGyro111.0_thetaSwing25.1
S01_walk_008,not_fall,0,walk,0.61,62,61,-99,-0.841,-0.078,0.338,-9.5,16.0,-32.8,0.909,0.659,True,160,suspected_fall_peak1.70_az0.03_maxGyro111.0_thetaSwing25.1
S01_walk_008,not_fall,0,walk,0.62,63,62,-98,-0.83,-0.088,0.357,-10.7,14.7,-34.3,0.908,0.137,True,160,suspected_fall_peak1.70_az0.03_maxGyro111.0_thetaSwing25.1
S01_walk_008,not_fall,0,walk,0.63,64,63,-97,-0.858,-0.108,0.379,-11.3,16.2,-34.4,0.945,3.662,True,160,suspected_fall_peak1.70_az0.03_maxGyro111.0_thetaSwing25.1
S01_walk_008,not_fall,0,walk,0.64,65,64,-96,-0.865,-0.12,0.392,-11.6,17.9,-33.6,0.958,1.311,True,160,suspected_fall_peak1.70_az0.03_maxGyro111.0_thetaSwing25.1
S01_walk_008,not_fall,0,walk,0.65,66,65,-95,-0.879,-0.126,0.404,-10.9,19.3,-33.5,0.976,1.828,True,160,suspected_fall_peak1.70_az0.03_maxGyro111.0_thetaSwing25.1
S01_walk_008,not_fall,0,walk,0.66,67,66,-94,-0.91,-0.122,0.406,-8.9,18.7,-33.0,1.004,2.744,True,160,suspected_fall_peak1.70_az0.03_maxGyro111.0_thetaSwing25.1
S01_walk_008,not_fall,0,walk,0.67,68,67,-93,-0.931,-0.109,0.403,-7.2,18.3,-33.1,1.02,1.671,True,160,suspected_fall_peak1.70_az0.03_maxGyro111.0_thetaSwing25.1
S01_walk_008,not_fall,0,walk,0.68,69,68,-92,-0.972,-0.109,0.416,-4.8,16.6,-32.9,1.063,4.267,True,160,suspected_fall_peak1.70_az0.03_maxGyro111.0_thetaSwing25.1
S01_walk_008,not_fall,0,walk,0.69,70,69,-91,-1.003,-0.106,0.406,-2.8,15.3,-32.6,1.087,2.439,True,160,suspected_fall_peak1.70_az0.03_maxGyro111.0_thetaSwing25.1
S01_walk_008,not_fall,0,walk,0.70,71,70,-90,-1.045,-0.112,0.431,-1.4,16.1,-33.0,1.136,4.865,True,160,suspected_fall_peak1.70_az0.03_maxGyro111.0_thetaSwing25.1
S01_walk_008,not_fall,0,walk,0.71,72,71,-89,-1.08,-0.12,0.408,9.2,10.8,-32.2,1.161,2.512,True,160,suspected_fall_peak1.70_az0.03_maxGyro111.0_thetaSwing25.1
S01_walk_008,not_fall,0,walk,0.72,73,72,-88,-1.088,-0.123,0.411,9.9,8.0,-32.9,1.17,0.88,True,160,suspected_fall_peak1.70_az0.03_maxGyro111.0_thetaSwing25.1
S01_walk_008,not_fall,0,walk,0.73,74,73,-87,-1.122,-0.146,0.432,10.7,6.5,-33.8,1.211,4.136,True,160,suspected_fall_peak1.70_az0.03_maxGyro111.0_thetaSwing25.1
S01_walk_008,not_fall,0,walk,0.74,75,74,-86,-1.162,-0.188,0.471,12.1,6.9,-33.8,1.268,5.624,True,160,suspected_fall_peak1.70_az0.03_maxGyro111.0_thetaSwing25.1
S01_walk_008,not_fall,0,walk,0.75,76,75,-85,-1.195,-0.235,0.495,17.0,8.9,-33.0,1.315,4.702,True,160,suspected_fall_peak1.70_az0.03_maxGyro111.0_thetaSwing25.1
S01_walk_008,not_fall,0,walk,0.76,77,76,-84,-1.231,-0.276,0.502,24.5,11.6,-32.3,1.358,4.32,True,160,suspected_fall_peak1.70_az0.03_maxGyro111.0_thetaSwing25.1
S01_walk_008,not_fall,0,walk,0.77,78,77,-83,-1.279,-0.292,0.488,33.1,13.6,-31.3,1.399,4.161,True,160,suspected_fall_peak1.70_az0.03_maxGyro111.0_thetaSwing25.1
S01_walk_008,not_fall,0,walk,0.78,79,78,-82,-1.259,-0.296,0.483,41.9,14.5,-29.6,1.38,1.915,True,160,suspected_fall_peak1.70_az0.03_maxGyro111.0_thetaSwing25.1
S01_walk_008,not_fall,0,walk,0.79,80,79,-81,-1.251,-0.273,0.43,51.4,15.3,-28.9,1.351,2.897,True,160,suspected_fall_peak1.70_az0.03_maxGyro111.0_thetaSwing25.1
S01_walk_008,not_fall,0,walk,0.80,81,80,-80,-1.255,-0.248,0.372,58.9,16.4,-29.2,1.333,1.856,True,160,suspected_fall_peak1.70_az0.03_maxGyro111.0_thetaSwing25.1
S01_walk_008,not_fall,0,walk,0.81,82,81,-79,-1.271,-0.232,0.32,65.8,18.6,-26.8,1.332,0.115,True,160,suspected_fall_peak1.70_az0.03_maxGyro111.0_thetaSwing25.1
S01_walk_008,not_fall,0,walk,0.82,83,82,-78,-1.242,-0.201,0.222,68.0,20.6,-26.8,1.278,5.343,True,160,suspected_fall_peak1.70_az0.03_maxGyro111.0_thetaSwing25.1
S01_walk_008,not_fall,0,walk,0.83,84,83,-77,-1.225,-0.212,0.158,67.1,24.1,-28.8,1.253,2.491,True,160,suspected_fall_peak1.70_az0.03_maxGyro111.0_thetaSwing25.1
S01_walk_008,not_fall,0,walk,0.84,85,84,-76,-1.224,-0.236,0.085,66.8,25.2,-27.5,1.249,0.408,True,160,suspected_fall_peak1.70_az0.03_maxGyro111.0_thetaSwing25.1
S01_walk_008,not_fall,0,walk,0.85,86,85,-75,-1.246,-0.244,0.017,64.1,27.4,-27.9,1.27,2.113,True,160,suspected_fall_peak1.70_az0.03_maxGyro111.0_thetaSwing25.1
S01_walk_008,not_fall,0,walk,0.86,87,86,-74,-1.287,-0.285,0.02,62.8,28.2,-24.6,1.318,4.786,True,160,suspected_fall_peak1.70_az0.03_maxGyro111.0_thetaSwing25.1
S01_walk_008,not_fall,0,walk,0.87,88,87,-73,-1.28,-0.32,0.027,64.7,33.4,-21.9,1.32,0.138,True,160,suspected_fall_peak1.70_az0.03_maxGyro111.0_thetaSwing25.1
S01_walk_008,not_fall,0,walk,0.88,89,88,-72,-1.26,-0.393,0.0,68.8,40.7,-17.4,1.32,0.002,True,160,suspected_fall_peak1.70_az0.03_maxGyro111.0_thetaSwing25.1
S01_walk_008,not_fall,0,walk,0.89,90,89,-71,-1.183,-0.486,-0.017,74.5,48.5,-11.3,1.279,4.067,True,160,suspected_fall_peak1.70_az0.03_maxGyro111.0_thetaSwing25.1
S01_walk_008,not_fall,0,walk,0.90,91,90,-70,-1.062,-0.531,-0.095,83.5,47.3,-0.9,1.191,8.739,True,160,suspected_fall_peak1.70_az0.03_maxGyro111.0_thetaSwing25.1
S01_walk_008,not_fall,0,walk,0.91,92,91,-69,-1.019,-0.565,-0.151,85.6,40.4,9.4,1.175,1.687,True,160,suspected_fall_peak1.70_az0.03_maxGyro111.0_thetaSwing25.1
S01_walk_008,not_fall,0,walk,0.92,93,92,-68,-0.974,-0.591,-0.168,83.8,33.6,16.3,1.152,2.284,True,160,suspected_fall_peak1.70_az0.03_maxGyro111.0_thetaSwing25.1
S01_walk_008,not_fall,0,walk,0.93,94,93,-67,-0.751,-0.5,-0.181,77.5,29.9,34.0,0.921,23.115,True,160,suspected_fall_peak1.70_az0.03_maxGyro111.0_thetaSwing25.1
S01_walk_008,not_fall,0,walk,0.94,95,94,-66,-0.657,-0.402,-0.177,68.3,32.1,36.5,0.79,13.033,True,160,suspected_fall_peak1.70_az0.03_maxGyro111.0_thetaSwing25.1
S01_walk_008,not_fall,0,walk,0.95,96,95,-65,-0.584,-0.354,-0.18,57.4,35.0,34.2,0.707,8.349,True,160,suspected_fall_peak1.70_az0.03_maxGyro111.0_thetaSwing25.1
S01_walk_008,not_fall,0,walk,0.96,97,96,-64,-0.539,-0.272,-0.219,48.8,35.7,26.9,0.643,6.408,True,160,suspected_fall_peak1.70_az0.03_maxGyro111.0_thetaSwing25.1
S01_walk_008,not_fall,0,walk,0.97,98,97,-63,-0.557,-0.198,-0.232,40.6,32.3,18.3,0.635,0.727,True,160,suspected_fall_peak1.70_az0.03_maxGyro111.0_thetaSwing25.1
S01_walk_008,not_fall,0,walk,0.98,99,98,-62,-0.613,-0.183,-0.241,34.7,23.2,12.9,0.684,4.844,True,160,suspected_fall_peak1.70_az0.03_maxGyro111.0_thetaSwing25.1
S01_walk_008,not_fall,0,walk,0.99,100,99,-61,-0.665,-0.182,-0.229,31.7,13.3,8.9,0.726,4.233,True,160,suspected_fall_peak1.70_az0.03_maxGyro111.0_thetaSwing25.1
S01_walk_008,not_fall,0,walk,1.00,101,100,-60,-0.738,-0.21,-0.222,30.5,4.8,4.8,0.799,7.241,True,160,suspected_fall_peak1.70_az0.03_maxGyro111.0_thetaSwing25.1
S01_walk_008,not_fall,0,walk,1.01,102,101,-59,-0.804,-0.233,-0.202,29.1,-4.5,-1.2,0.861,6.29,True,160,suspected_fall_peak1.70_az0.03_maxGyro111.0_thetaSwing25.1
S01_walk_008,not_fall,0,walk,1.02,103,102,-58,-0.912,-0.297,-0.179,27.4,-13.5,-3.5,0.976,11.448,True,160,suspected_fall_peak1.70_az0.03_maxGyro111.0_thetaSwing25.1
S01_walk_008,not_fall,0,walk,1.03,104,103,-57,-1.001,-0.314,-0.173,23.0,-22.1,-5.7,1.063,8.718,True,160,suspected_fall_peak1.70_az0.03_maxGyro111.0_thetaSwing25.1
S01_walk_008,not_fall,0,walk,1.04,105,104,-56,-1.029,-0.417,-0.115,19.0,-25.5,0.9,1.116,5.305,True,160,suspected_fall_peak1.70_az0.03_maxGyro111.0_thetaSwing25.1
S01_walk_008,not_fall,0,walk,1.05,106,105,-55,-1.244,-0.456,-0.019,6.3,-22.5,5.3,1.325,20.896,True,160,suspected_fall_peak1.70_az0.03_maxGyro111.0_thetaSwing25.1
S01_walk_008,not_fall,0,walk,1.06,107,106,-54,-1.283,-0.48,0.123,-6.7,0.2,12.8,1.375,5.017,True,160,suspected_fall_peak1.70_az0.03_maxGyro111.0_thetaSwing25.1
S01_walk_008,not_fall,0,walk,1.07,108,107,-53,-1.286,-0.465,0.224,-12.7,37.2,28.6,1.386,1.026,True,160,suspected_fall_peak1.70_az0.03_maxGyro111.0_thetaSwing25.1
S01_walk_008,not_fall,0,walk,1.08,109,108,-52,-1.204,-0.389,0.215,-16.5,62.4,43.5,1.283,10.235,True,160,suspected_fall_peak1.70_az0.03_maxGyro111.0_thetaSwing25.1
S01_walk_008,not_fall,0,walk,1.09,110,109,-51,-1.091,-0.332,0.243,-17.1,69.7,53.7,1.166,11.756,True,160,suspected_fall_peak1.70_az0.03_maxGyro111.0_thetaSwing25.1
S01_walk_008,not_fall,0,walk,1.10,111,110,-50,-0.99,-0.27,0.215,-11.5,66.2,59.0,1.048,11.742,True,160,suspected_fall_peak1.70_az0.03_maxGyro111.0_thetaSwing25.1
S01_walk_008,not_fall,0,walk,1.11,112,111,-49,-0.927,-0.229,0.199,-4.3,57.9,61.3,0.975,7.323,True,160,suspected_fall_peak1.70_az0.03_maxGyro111.0_thetaSwing25.1
S01_walk_008,not_fall,0,walk,1.12,113,112,-48,-0.873,-0.224,0.166,3.3,47.8,59.0,0.916,5.866,True,160,suspected_fall_peak1.70_az0.03_maxGyro111.0_thetaSwing25.1
S01_walk_008,not_fall,0,walk,1.13,114,113,-47,-0.849,-0.214,0.125,9.9,36.0,51.3,0.885,3.164,True,160,suspected_fall_peak1.70_az0.03_maxGyro111.0_thetaSwing25.1
S01_walk_008,not_fall,0,walk,1.14,115,114,-46,-0.838,-0.187,0.085,14.5,22.1,43.7,0.863,2.195,True,160,suspected_fall_peak1.70_az0.03_maxGyro111.0_thetaSwing25.1
S01_walk_008,not_fall,0,walk,1.15,116,115,-45,-0.818,-0.167,0.056,17.1,9.4,34.1,0.837,2.554,True,160,suspected_fall_peak1.70_az0.03_maxGyro111.0_thetaSwing25.1
S01_walk_008,not_fall,0,walk,1.16,117,116,-44,-0.84,-0.168,0.031,17.4,-2.9,24.1,0.857,1.974,True,160,suspected_fall_peak1.70_az0.03_maxGyro111.0_thetaSwing25.1
S01_walk_008,not_fall,0,walk,1.17,118,117,-43,-0.88,-0.165,0.032,15.5,-12.7,16.3,0.896,3.861,True,160,suspected_fall_peak1.70_az0.03_maxGyro111.0_thetaSwing25.1
S01_walk_008,not_fall,0,walk,1.18,119,118,-42,-0.929,-0.166,0.036,12.9,-17.1,12.5,0.944,4.854,True,160,suspected_fall_peak1.70_az0.03_maxGyro111.0_thetaSwing25.1
S01_walk_008,not_fall,0,walk,1.19,120,119,-41,-0.935,-0.142,0.049,10.1,-18.8,11.5,0.947,0.277,True,160,suspected_fall_peak1.70_az0.03_maxGyro111.0_thetaSwing25.1
S01_walk_008,not_fall,0,walk,1.20,121,120,-40,-0.931,-0.116,0.051,5.9,-17.5,12.1,0.94,0.681,True,160,suspected_fall_peak1.70_az0.03_maxGyro111.0_thetaSwing25.1
S01_walk_008,not_fall,0,walk,1.21,122,121,-39,-0.929,-0.09,0.063,1.3,-15.2,13.4,0.936,0.458,True,160,suspected_fall_peak1.70_az0.03_maxGyro111.0_thetaSwing25.1
S01_walk_008,not_fall,0,walk,1.22,123,122,-38,-0.922,-0.087,0.058,-3.4,-11.5,15.8,0.928,0.747,True,160,suspected_fall_peak1.70_az0.03_maxGyro111.0_thetaSwing25.1
S01_walk_008,not_fall,0,walk,1.23,124,123,-37,-0.886,-0.033,0.044,-8.4,-9.6,16.6,0.888,3.981,True,160,suspected_fall_peak1.70_az0.03_maxGyro111.0_thetaSwing25.1
S01_walk_008,not_fall,0,walk,1.24,125,124,-36,-0.898,-0.012,0.025,-13.5,-7.9,17.8,0.898,1.016,True,160,suspected_fall_peak1.70_az0.03_maxGyro111.0_thetaSwing25.1
S01_walk_008,not_fall,0,walk,1.25,126,125,-35,-0.906,-0.028,0.032,-16.5,-7.5,19.9,0.907,0.812,True,160,suspected_fall_peak1.70_az0.03_maxGyro111.0_thetaSwing25.1
S01_walk_008,not_fall,0,walk,1.26,127,126,-34,-0.885,-0.008,0.008,-20.9,-6.3,19.8,0.885,2.167,True,160,suspected_fall_peak1.70_az0.03_maxGyro111.0_thetaSwing25.1
S01_walk_008,not_fall,0,walk,1.27,128,127,-33,-0.87,-0.02,-0.01,-26.9,-7.5,19.8,0.871,1.417,True,160,suspected_fall_peak1.70_az0.03_maxGyro111.0_thetaSwing25.1
S01_walk_008,not_fall,0,walk,1.28,129,128,-32,-0.887,-0.022,-0.019,-32.0,-9.8,18.2,0.888,1.727,True,160,suspected_fall_peak1.70_az0.03_maxGyro111.0_thetaSwing25.1
S01_walk_008,not_fall,0,walk,1.29,130,129,-31,-0.888,-0.043,-0.003,-36.6,-12.5,17.6,0.889,0.133,True,160,suspected_fall_peak1.70_az0.03_maxGyro111.0_thetaSwing25.1
S01_walk_008,not_fall,0,walk,1.30,131,130,-30,-0.902,-0.099,0.03,-42.9,-16.2,17.9,0.908,1.906,True,160,suspected_fall_peak1.70_az0.03_maxGyro111.0_thetaSwing25.1
S01_walk_008,not_fall,0,walk,1.31,132,131,-29,-0.932,-0.132,0.034,-48.3,-18.1,18.7,0.942,3.326,True,160,suspected_fall_peak1.70_az0.03_maxGyro111.0_thetaSwing25.1
S01_walk_008,not_fall,0,walk,1.32,133,132,-28,-0.967,-0.165,0.075,-54.6,-17.9,20.8,0.984,4.24,True,160,suspected_fall_peak1.70_az0.03_maxGyro111.0_thetaSwing25.1
S01_walk_008,not_fall,0,walk,1.33,134,133,-27,-0.985,-0.199,0.09,-58.8,-17.5,24.7,1.009,2.473,True,160,suspected_fall_peak1.70_az0.03_maxGyro111.0_thetaSwing25.1
S01_walk_008,not_fall,0,walk,1.34,135,134,-26,-0.98,-0.218,0.128,-62.7,-16.0,28.8,1.013,0.38,True,160,suspected_fall_peak1.70_az0.03_maxGyro111.0_thetaSwing25.1
S01_walk_008,not_fall,0,walk,1.35,136,135,-25,-0.961,-0.236,0.149,-66.4,-16.5,32.5,1.001,1.201,True,160,suspected_fall_peak1.70_az0.03_maxGyro111.0_thetaSwing25.1
S01_walk_008,not_fall,0,walk,1.36,137,136,-24,-0.933,-0.236,0.157,-70.0,-18.8,33.9,0.975,2.538,True,160,suspected_fall_peak1.70_az0.03_maxGyro111.0_thetaSwing25.1
S01_walk_008,not_fall,0,walk,1.37,138,137,-23,-0.924,-0.265,0.179,-73.1,-23.5,35.4,0.978,0.292,True,160,suspected_fall_peak1.70_az0.03_maxGyro111.0_thetaSwing25.1
S01_walk_008,not_fall,0,walk,1.38,139,138,-22,-0.9,-0.269,0.241,-73.1,-28.5,35.6,0.97,0.816,True,160,suspected_fall_peak1.70_az0.03_maxGyro111.0_thetaSwing25.1
S01_walk_008,not_fall,0,walk,1.39,140,139,-21,-0.858,-0.257,0.261,-70.6,-35.7,35.7,0.933,3.661,True,160,suspected_fall_peak1.70_az0.03_maxGyro111.0_thetaSwing25.1
S01_walk_008,not_fall,0,walk,1.40,141,140,-20,-0.818,-0.224,0.299,-68.3,-44.6,32.8,0.9,3.365,True,160,suspected_fall_peak1.70_az0.03_maxGyro111.0_thetaSwing25.1
S01_walk_008,not_fall,0,walk,1.41,142,141,-19,-0.817,-0.257,0.281,-64.3,-53.6,29.2,0.901,0.176,True,160,suspected_fall_peak1.70_az0.03_maxGyro111.0_thetaSwing25.1
S01_walk_008,not_fall,0,walk,1.42,143,142,-18,-0.814,-0.211,0.301,-59.1,-62.8,27.4,0.894,0.779,True,160,suspected_fall_peak1.70_az0.03_maxGyro111.0_thetaSwing25.1
S01_walk_008,not_fall,0,walk,1.43,144,143,-17,-0.816,-0.154,0.285,-56.8,-70.1,26.2,0.878,1.536,True,160,suspected_fall_peak1.70_az0.03_maxGyro111.0_thetaSwing25.1
S01_walk_008,not_fall,0,walk,1.44,145,144,-16,-0.846,-0.15,0.223,-53.2,-72.5,25.6,0.888,1.015,True,160,suspected_fall_peak1.70_az0.03_maxGyro111.0_thetaSwing25.1
S01_walk_008,not_fall,0,walk,1.45,146,145,-15,-0.834,-0.115,0.222,-47.5,-73.5,27.4,0.871,1.773,True,160,suspected_fall_peak1.70_az0.03_maxGyro111.0_thetaSwing25.1
S01_walk_008,not_fall,0,walk,1.46,147,146,-14,-0.801,-0.105,0.164,-47.2,-75.5,30.9,0.824,4.654,True,160,suspected_fall_peak1.70_az0.03_maxGyro111.0_thetaSwing25.1
S01_walk_008,not_fall,0,walk,1.47,148,147,-13,-0.87,0.038,0.062,-51.2,-71.7,30.6,0.873,4.9,True,160,suspected_fall_peak1.70_az0.03_maxGyro111.0_thetaSwing25.1
S01_walk_008,not_fall,0,walk,1.48,149,148,-12,-0.851,0.127,0.053,-55.6,-62.7,33.6,0.862,1.133,True,160,suspected_fall_peak1.70_az0.03_maxGyro111.0_thetaSwing25.1
S01_walk_008,not_fall,0,walk,1.49,150,149,-11,-0.875,0.257,0.005,-60.6,-49.9,30.0,0.912,5.062,True,160,suspected_fall_peak1.70_az0.03_maxGyro111.0_thetaSwing25.1
S01_walk_008,not_fall,0,walk,1.50,151,150,-10,-0.898,0.266,-0.016,-66.9,-32.8,34.7,0.937,2.491,True,160,suspected_fall_peak1.70_az0.03_maxGyro111.0_thetaSwing25.1
S01_walk_008,not_fall,0,walk,1.51,152,151,-9,-0.883,0.352,-0.073,-77.8,-14.8,33.9,0.954,1.624,True,160,suspected_fall_peak1.70_az0.03_maxGyro111.0_thetaSwing25.1
S01_walk_008,not_fall,0,walk,1.52,153,152,-8,-0.896,0.428,-0.107,-86.6,2.6,28.0,0.999,4.53,True,160,suspected_fall_peak1.70_az0.03_maxGyro111.0_thetaSwing25.1
S01_walk_008,not_fall,0,walk,1.53,154,153,-7,-0.938,0.496,-0.136,-89.1,15.5,15.4,1.07,7.094,True,160,suspected_fall_peak1.70_az0.03_maxGyro111.0_thetaSwing25.1
S01_walk_008,not_fall,0,walk,1.54,155,154,-6,-1.121,0.488,-0.318,-85.1,7.9,-0.8,1.264,19.39,True,160,suspected_fall_peak1.70_az0.03_maxGyro111.0_thetaSwing25.1
S01_walk_008,not_fall,0,walk,1.55,156,155,-5,-1.25,0.424,-0.284,-77.4,-16.4,-8.1,1.35,8.642,True,160,suspected_fall_peak1.70_az0.03_maxGyro111.0_thetaSwing25.1
S01_walk_008,not_fall,0,walk,1.56,157,156,-4,-1.319,0.39,-0.213,-65.8,-25.2,-10.8,1.392,4.228,True,160,suspected_fall_peak1.70_az0.03_maxGyro111.0_thetaSwing25.1
S01_walk_008,not_fall,0,walk,1.57,158,157,-3,-1.544,0.313,-0.187,-60.3,-23.0,-10.5,1.586,19.373,True,160,suspected_fall_peak1.70_az0.03_maxGyro111.0_thetaSwing25.1
S01_walk_008,not_fall,0,walk,1.58,159,158,-2,-1.629,0.223,-0.066,-59.6,-13.1,0.2,1.646,5.954,True,160,suspected_fall_peak1.70_az0.03_maxGyro111.0_thetaSwing25.1
S01_walk_008,not_fall,0,walk,1.59,160,159,-1,-1.684,0.126,0.117,-64.6,11.0,9.9,1.693,4.738,True,160,suspected_fall_peak1.70_az0.03_maxGyro111.0_thetaSwing25.1
S01_walk_008,not_fall,0,walk,1.60,161,160,0,-1.682,-0.068,0.235,-72.3,43.1,27.6,1.7,0.699,False,160,suspected_fall_peak1.70_az0.03_maxGyro111.0_thetaSwing25.1
S01_walk_008,not_fall,0,walk,1.61,162,161,1,-1.543,-0.157,0.459,-65.1,52.1,41.1,1.618,8.196,False,160,suspected_fall_peak1.70_az0.03_maxGyro111.0_thetaSwing25.1
S01_walk_008,not_fall,0,walk,1.62,163,162,2,-1.422,-0.228,0.544,-41.9,60.1,49.8,1.54,7.823,False,160,suspected_fall_peak1.70_az0.03_maxGyro111.0_thetaSwing25.1
S01_walk_008,not_fall,0,walk,1.63,164,163,3,-1.275,-0.329,0.646,-14.7,54.9,56.4,1.467,7.326,False,160,suspected_fall_peak1.70_az0.03_maxGyro111.0_thetaSwing25.1
S01_walk_008,not_fall,0,walk,1.64,165,164,4,-1.148,-0.438,0.517,6.9,54.4,56.9,1.333,13.343,False,160,suspected_fall_peak1.70_az0.03_maxGyro111.0_thetaSwing25.1
S01_walk_008,not_fall,0,walk,1.65,166,165,5,-1.073,-0.455,0.388,17.4,46.4,56.7,1.229,10.457,False,160,suspected_fall_peak1.70_az0.03_maxGyro111.0_thetaSwing25.1
S01_walk_008,not_fall,0,walk,1.66,167,166,6,-0.983,-0.42,0.339,23.7,26.7,50.8,1.121,10.716,False,160,suspected_fall_peak1.70_az0.03_maxGyro111.0_thetaSwing25.1
S01_walk_008,not_fall,0,walk,1.67,168,167,7,-0.917,-0.333,0.381,35.6,4.8,40.3,1.047,7.409,False,160,suspected_fall_peak1.70_az0.03_maxGyro111.0_thetaSwing25.1
S01_walk_008,not_fall,0,walk,1.68,169,168,8,-0.872,-0.203,0.411,51.8,-9.3,33.9,0.985,6.223,False,160,suspected_fall_peak1.70_az0.03_maxGyro111.0_thetaSwing25.1
S01_walk_008,not_fall,0,walk,1.69,170,169,9,-0.836,-0.16,0.387,72.2,-18.9,28.2,0.936,4.946,False,160,suspected_fall_peak1.70_az0.03_maxGyro111.0_thetaSwing25.1
S01_walk_008,not_fall,0,walk,1.70,171,170,10,-0.831,-0.121,0.301,89.7,-25.1,22.4,0.892,4.339,False,160,suspected_fall_peak1.70_az0.03_maxGyro111.0_thetaSwing25.1
S01_walk_008,not_fall,0,walk,1.71,172,171,11,-0.792,-0.074,0.205,99.7,-33.6,21.9,0.822,7.063,False,160,suspected_fall_peak1.70_az0.03_maxGyro111.0_thetaSwing25.1
S01_walk_008,not_fall,0,walk,1.72,173,172,12,-0.747,-0.029,0.107,102.5,-38.7,17.5,0.755,6.682,False,160,suspected_fall_peak1.70_az0.03_maxGyro111.0_thetaSwing25.1
S01_walk_008,not_fall,0,walk,1.73,174,173,13,-0.748,0.015,0.072,98.0,-40.8,16.5,0.752,0.293,False,160,suspected_fall_peak1.70_az0.03_maxGyro111.0_thetaSwing25.1
S01_walk_008,not_fall,0,walk,1.74,175,174,14,-0.694,0.086,0.019,91.0,-35.9,16.3,0.699,5.267,False,160,suspected_fall_peak1.70_az0.03_maxGyro111.0_thetaSwing25.1
S01_walk_008,not_fall,0,walk,1.75,176,175,15,-0.66,0.185,0.026,83.4,-23.6,13.5,0.686,1.329,False,160,suspected_fall_peak1.70_az0.03_maxGyro111.0_thetaSwing25.1
S01_walk_008,not_fall,0,walk,1.76,177,176,16,-0.624,0.236,0.027,77.2,-9.5,10.7,0.668,1.828,False,160,suspected_fall_peak1.70_az0.03_maxGyro111.0_thetaSwing25.1
S01_walk_008,not_fall,0,walk,1.77,178,177,17,-0.562,0.313,-0.036,71.2,-4.3,6.1,0.644,2.33,False,160,suspected_fall_peak1.70_az0.03_maxGyro111.0_thetaSwing25.1
S01_walk_008,not_fall,0,walk,1.78,179,178,18,-0.53,0.368,-0.054,68.9,-7.3,-0.5,0.648,0.327,False,160,suspected_fall_peak1.70_az0.03_maxGyro111.0_thetaSwing25.1
S01_walk_008,not_fall,0,walk,1.79,180,179,19,-0.529,0.403,-0.065,67.8,-15.9,-7.7,0.668,2.046,False,160,suspected_fall_peak1.70_az0.03_maxGyro111.0_thetaSwing25.1
S01_walk_008,not_fall,0,walk,1.80,181,180,20,-0.551,0.443,-0.054,66.5,-24.3,-18.0,0.71,4.15,False,160,suspected_fall_peak1.70_az0.03_maxGyro111.0_thetaSwing25.1
S01_walk_008,not_fall,0,walk,1.81,182,181,21,-0.578,0.451,-0.035,64.4,-28.7,-30.0,0.734,2.472,False,160,suspected_fall_peak1.70_az0.03_maxGyro111.0_thetaSwing25.1
S01_walk_008,not_fall,0,walk,1.82,183,182,22,-0.649,0.442,0.017,63.7,-29.5,-42.9,0.786,5.122,False,160,suspected_fall_peak1.70_az0.03_maxGyro111.0_thetaSwing25.1
S01_walk_008,not_fall,0,walk,1.83,184,183,23,-0.818,0.409,0.04,67.2,-32.7,-53.0,0.915,12.981,False,160,suspected_fall_peak1.70_az0.03_maxGyro111.0_thetaSwing25.1
S01_walk_008,not_fall,0,walk,1.84,185,184,24,-0.995,0.365,0.025,72.7,-44.5,-59.1,1.06,14.501,False,160,suspected_fall_peak1.70_az0.03_maxGyro111.0_thetaSwing25.1
S01_walk_008,not_fall,0,walk,1.85,186,185,25,-1.127,0.306,0.077,82.2,-54.5,-60.4,1.171,11.047,False,160,suspected_fall_peak1.70_az0.03_maxGyro111.0_thetaSwing25.1
S01_walk_008,not_fall,0,walk,1.86,187,186,26,-1.242,0.232,0.114,91.2,-49.4,-57.4,1.269,9.807,False,160,suspected_fall_peak1.70_az0.03_maxGyro111.0_thetaSwing25.1
S01_walk_008,not_fall,0,walk,1.87,188,187,27,-1.375,0.097,0.139,93.0,-40.4,-54.3,1.386,11.701,False,160,suspected_fall_peak1.70_az0.03_maxGyro111.0_thetaSwing25.1
S01_walk_008,not_fall,0,walk,1.88,189,188,28,-1.553,-0.152,0.415,79.7,-6.7,-45.9,1.614,22.848,False,160,suspected_fall_peak1.70_az0.03_maxGyro111.0_thetaSwing25.1
S01_walk_008,not_fall,0,walk,1.89,190,189,29,-1.514,-0.302,0.29,68.7,34.5,-28.2,1.571,4.336,False,160,suspected_fall_peak1.70_az0.03_maxGyro111.0_thetaSwing25.1
S01_walk_008,not_fall,0,walk,1.90,191,190,30,-1.354,-0.253,0.425,69.2,60.5,-3.7,1.442,12.886,False,160,suspected_fall_peak1.70_az0.03_maxGyro111.0_thetaSwing25.1
S01_walk_008,not_fall,0,walk,1.91,192,191,31,-1.226,-0.202,0.498,72.3,64.2,8.0,1.339,10.317,False,160,suspected_fall_peak1.70_az0.03_maxGyro111.0_thetaSwing25.1
S01_walk_008,not_fall,0,walk,1.92,193,192,32,-1.062,-0.088,0.593,96.7,53.9,15.8,1.22,11.905,False,160,suspected_fall_peak1.70_az0.03_maxGyro111.0_thetaSwing25.1
S01_walk_008,not_fall,0,walk,1.93,194,193,33,-0.769,-0.015,0.457,152.8,17.4,7.3,0.895,32.472,False,160,suspected_fall_peak1.70_az0.03_maxGyro111.0_thetaSwing25.1
S01_walk_008,not_fall,0,walk,1.94,195,194,34,-0.727,0.002,0.318,164.4,6.5,-3.3,0.793,10.193,False,160,suspected_fall_peak1.70_az0.03_maxGyro111.0_thetaSwing25.1
S01_walk_008,not_fall,0,walk,1.95,196,195,35,-0.728,0.033,0.195,170.0,-5.9,-16.4,0.754,3.91,False,160,suspected_fall_peak1.70_az0.03_maxGyro111.0_thetaSwing25.1
S01_walk_008,not_fall,0,walk,1.96,197,196,36,-0.751,0.075,0.145,174.0,-15.6,-27.1,0.769,1.439,False,160,suspected_fall_peak1.70_az0.03_maxGyro111.0_thetaSwing25.1
S01_walk_008,not_fall,0,walk,1.97,198,197,37,-0.807,0.096,0.095,176.2,-23.3,-36.3,0.818,4.963,False,160,suspected_fall_peak1.70_az0.03_maxGyro111.0_thetaSwing25.1
S01_walk_008,not_fall,0,walk,1.98,199,198,38,-0.851,0.096,0.038,175.8,-28.5,-44.9,0.857,3.914,False,160,suspected_fall_peak1.70_az0.03_maxGyro111.0_thetaSwing25.1
S01_walk_008,not_fall,0,walk,1.99,200,199,39,-0.902,0.11,0.019,175.3,-31.6,-51.0,0.909,5.168,False,160,suspected_fall_peak1.70_az0.03_maxGyro111.0_thetaSwing25.1
S01_walk_008,not_fall,0,walk,2.00,201,200,40,-0.952,0.126,0.009,174.3,-34.0,-53.1,0.96,5.106,False,160,suspected_fall_peak1.70_az0.03_maxGyro111.0_thetaSwing25.1
S01_walk_008,not_fall,0,walk,2.01,202,201,41,-0.978,0.136,0.006,173.7,-33.6,-52.2,0.988,2.742,False,160,suspected_fall_peak1.70_az0.03_maxGyro111.0_thetaSwing25.1
S01_walk_008,not_fall,0,walk,2.02,203,202,42,-0.98,0.123,0.017,172.5,-30.0,-51.9,0.988,0.027,False,160,suspected_fall_peak1.70_az0.03_maxGyro111.0_thetaSwing25.1
S01_walk_008,not_fall,0,walk,2.03,204,203,43,-0.99,0.136,0.011,169.4,-26.4,-49.7,1.0,1.207,False,160,suspected_fall_peak1.70_az0.03_maxGyro111.0_thetaSwing25.1
S01_walk_008,not_fall,0,walk,2.04,205,204,44,-0.992,0.138,0.007,165.9,-22.0,-45.1,1.002,0.192,False,160,suspected_fall_peak1.70_az0.03_maxGyro111.0_thetaSwing25.1
S01_walk_008,not_fall,0,walk,2.05,206,205,45,-0.958,0.173,0.02,164.0,-15.7,-42.5,0.973,2.853,False,160,suspected_fall_peak1.70_az0.03_maxGyro111.0_thetaSwing25.1
S01_walk_008,not_fall,0,walk,2.06,207,206,46,-0.921,0.176,0.006,162.2,-12.6,-40.2,0.937,3.584,False,160,suspected_fall_peak1.70_az0.03_maxGyro111.0_thetaSwing25.1
S01_walk_008,not_fall,0,walk,2.07,208,207,47,-0.893,0.209,0.017,161.6,-12.1,-39.8,0.917,1.992,False,160,suspected_fall_peak1.70_az0.03_maxGyro111.0_thetaSwing25.1
S01_walk_008,not_fall,0,walk,2.08,209,208,48,-0.863,0.216,0.03,162.5,-12.0,-38.4,0.89,2.732,False,160,suspected_fall_peak1.70_az0.03_maxGyro111.0_thetaSwing25.1
S01_walk_008,not_fall,0,walk,2.09,210,209,49,-0.861,0.216,0.042,162.5,-11.4,-38.5,0.888,0.179,False,160,suspected_fall_peak1.70_az0.03_maxGyro111.0_thetaSwing25.1
S01_walk_008,not_fall,0,walk,2.10,211,210,50,-0.865,0.227,0.073,161.5,-9.9,-38.9,0.898,0.926,False,160,suspected_fall_peak1.70_az0.03_maxGyro111.0_thetaSwing25.1
S01_walk_008,not_fall,0,walk,2.11,212,211,51,-0.888,0.245,0.097,161.3,-8.7,-40.0,0.926,2.855,False,160,suspected_fall_peak1.70_az0.03_maxGyro111.0_thetaSwing25.1
S01_walk_008,not_fall,0,walk,2.12,213,212,52,-0.947,0.251,0.11,163.3,-7.0,-37.9,0.986,5.973,False,160,suspected_fall_peak1.70_az0.03_maxGyro111.0_thetaSwing25.1
S01_walk_008,not_fall,0,walk,2.13,214,213,53,-1.02,0.239,0.113,165.4,-5.0,-35.8,1.054,6.821,False,160,suspected_fall_peak1.70_az0.03_maxGyro111.0_thetaSwing25.1
S01_walk_008,not_fall,0,walk,2.14,215,214,54,-1.019,0.217,0.135,168.1,1.1,-32.2,1.051,0.358,False,160,suspected_fall_peak1.70_az0.03_maxGyro111.0_thetaSwing25.1
S01_walk_008,not_fall,0,walk,2.15,216,215,55,-1.038,0.193,0.116,170.9,6.6,-29.5,1.062,1.141,False,160,suspected_fall_peak1.70_az0.03_maxGyro111.0_thetaSwing25.1
S01_walk_008,not_fall,0,walk,2.16,217,216,56,-1.056,0.18,0.103,172.5,10.7,-28.1,1.076,1.425,False,160,suspected_fall_peak1.70_az0.03_maxGyro111.0_thetaSwing25.1
S01_walk_008,not_fall,0,walk,2.17,218,217,57,-1.054,0.169,0.109,176.3,12.8,-25.5,1.074,0.266,False,160,suspected_fall_peak1.70_az0.03_maxGyro111.0_thetaSwing25.1
S01_walk_008,not_fall,0,walk,2.18,219,218,58,-1.064,0.132,0.096,181.1,9.0,-20.4,1.076,0.276,False,160,suspected_fall_peak1.70_az0.03_maxGyro111.0_thetaSwing25.1
S01_walk_008,not_fall,0,walk,2.19,220,219,59,-1.212,0.05,-0.026,180.2,-3.2,-11.5,1.213,13.667,False,160,suspected_fall_peak1.70_az0.03_maxGyro111.0_thetaSwing25.1
S01_walk_008,not_fall,0,walk,2.20,221,220,60,-1.46,0.2,0.081,170.1,-12.0,3.8,1.476,26.291,False,160,suspected_fall_peak1.70_az0.03_maxGyro111.0_thetaSwing25.1
S01_walk_008,not_fall,0,walk,2.21,222,221,61,-1.607,0.332,0.334,144.7,13.8,19.0,1.675,19.919,False,160,suspected_fall_peak1.70_az0.03_maxGyro111.0_thetaSwing25.1
S01_walk_008,not_fall,0,walk,2.22,223,222,62,-1.704,0.463,0.656,130.9,68.1,20.8,1.884,20.89,False,160,suspected_fall_peak1.70_az0.03_maxGyro111.0_thetaSwing25.1
S01_walk_008,not_fall,0,walk,2.23,224,223,63,-1.537,0.167,0.711,128.0,93.4,16.7,1.702,18.223,False,160,suspected_fall_peak1.70_az0.03_maxGyro111.0_thetaSwing25.1
S01_walk_008,not_fall,0,walk,2.24,225,224,64,-1.427,-0.084,0.561,137.2,83.3,11.2,1.536,16.589,False,160,suspected_fall_peak1.70_az0.03_maxGyro111.0_thetaSwing25.1
S01_walk_008,not_fall,0,walk,2.25,226,225,65,-1.281,-0.483,0.409,151.4,72.5,16.9,1.429,10.692,False,160,suspected_fall_peak1.70_az0.03_maxGyro111.0_thetaSwing25.1
S01_walk_008,not_fall,0,walk,2.26,227,226,66,-1.267,-0.711,0.305,139.6,70.2,-3.1,1.485,5.593,False,160,suspected_fall_peak1.70_az0.03_maxGyro111.0_thetaSwing25.1
S01_walk_008,not_fall,0,walk,2.27,228,227,67,-1.25,-0.741,0.201,121.2,51.8,-14.8,1.467,1.763,False,160,suspected_fall_peak1.70_az0.03_maxGyro111.0_thetaSwing25.1
S01_walk_008,not_fall,0,walk,2.28,229,228,68,-1.254,-0.654,0.267,132.0,14.1,2.1,1.44,2.767,False,160,suspected_fall_peak1.70_az0.03_maxGyro111.0_thetaSwing25.1
S01_walk_008,not_fall,0,walk,2.29,230,229,69,-1.029,-0.415,0.294,157.1,-15.3,4.5,1.148,29.193,False,160,suspected_fall_peak1.70_az0.03_maxGyro111.0_thetaSwing25.1
S01_walk_008,not_fall,0,walk,2.30,231,230,70,-1.047,-0.391,0.278,189.0,-49.7,14.6,1.152,0.434,False,160,suspected_fall_peak1.70_az0.03_maxGyro111.0_thetaSwing25.1
S01_walk_008,not_fall,0,walk,2.31,232,231,71,-0.924,-0.334,0.228,205.0,-82.4,17.6,1.009,14.311,False,160,suspected_fall_peak1.70_az0.03_maxGyro111.0_thetaSwing25.1
S01_walk_008,not_fall,0,walk,2.32,233,232,72,-0.726,-0.019,0.152,184.6,-78.7,-19.9,0.742,26.672,False,160,suspected_fall_peak1.70_az0.03_maxGyro111.0_thetaSwing25.1
S01_walk_008,not_fall,0,walk,2.33,234,233,73,-0.88,-0.146,0.425,170.0,-35.8,-25.6,0.989,24.661,False,160,suspected_fall_peak1.70_az0.03_maxGyro111.0_thetaSwing25.1
S01_walk_008,not_fall,0,walk,2.34,235,234,74,-0.823,-0.081,0.254,163.1,14.6,-28.1,0.865,12.358,False,160,suspected_fall_peak1.70_az0.03_maxGyro111.0_thetaSwing25.1
S01_walk_008,not_fall,0,walk,2.35,236,235,75,-0.721,-0.047,-0.017,155.3,34.9,-29.2,0.722,14.273,False,160,suspected_fall_peak1.70_az0.03_maxGyro111.0_thetaSwing25.1
S01_walk_008,not_fall,0,walk,2.36,237,236,76,-0.669,-0.047,-0.185,142.4,31.8,-30.2,0.696,2.623,False,160,suspected_fall_peak1.70_az0.03_maxGyro111.0_thetaSwing25.1
S01_walk_008,not_fall,0,walk,2.37,238,237,77,-0.697,-0.059,-0.293,132.3,23.6,-25.3,0.759,6.288,False,160,suspected_fall_peak1.70_az0.03_maxGyro111.0_thetaSwing25.1
S01_walk_008,not_fall,0,walk,2.38,239,238,78,-0.501,0.283,-0.588,111.2,-3.4,-30.5,0.824,6.46,False,160,suspected_fall_peak1.70_az0.03_maxGyro111.0_thetaSwing25.1
S01_walk_008,not_fall,0,walk,2.39,240,239,79,-0.772,0.098,-0.318,83.7,-16.9,-43.1,0.841,1.695,False,160,suspected_fall_peak1.70_az0.03_maxGyro111.0_thetaSwing25.1
S01_walk_008,not_fall,0,walk,2.40,241,240,80,-0.762,0.151,-0.359,61.9,-19.2,-48.2,0.856,1.541,False,160,suspected_fall_peak1.70_az0.03_maxGyro111.0_thetaSwing25.1
S01_walk_008,not_fall,0,walk,2.41,242,241,81,-0.776,0.092,-0.298,41.4,-21.8,-51.8,0.837,1.948,False,160,suspected_fall_peak1.70_az0.03_maxGyro111.0_thetaSwing25.1
S01_walk_008,not_fall,0,walk,2.42,243,242,82,-0.803,0.094,-0.245,23.7,-30.7,-56.1,0.845,0.875,False,160,suspected_fall_peak1.70_az0.03_maxGyro111.0_thetaSwing25.1
S01_walk_008,not_fall,0,walk,2.43,244,243,83,-0.889,0.053,-0.093,10.0,-37.4,-58.3,0.896,5.026,False,160,suspected_fall_peak1.70_az0.03_maxGyro111.0_thetaSwing25.1
S01_walk_008,not_fall,0,walk,2.44,245,244,84,-0.909,0.048,-0.008,3.6,-40.6,-55.5,0.91,1.439,False,160,suspected_fall_peak1.70_az0.03_maxGyro111.0_thetaSwing25.1
S01_walk_008,not_fall,0,walk,2.45,246,245,85,-0.923,0.055,0.063,-2.8,-43.6,-55.7,0.926,1.643,False,160,suspected_fall_peak1.70_az0.03_maxGyro111.0_thetaSwing25.1
S01_walk_008,not_fall,0,walk,2.46,247,246,86,-1.007,0.002,0.198,-10.5,-40.7,-58.7,1.026,9.946,False,160,suspected_fall_peak1.70_az0.03_maxGyro111.0_thetaSwing25.1
S01_walk_008,not_fall,0,walk,2.47,248,247,87,-1.179,-0.233,0.711,-30.9,5.6,-51.2,1.396,32.767,False,160,suspected_fall_peak1.70_az0.03_maxGyro111.0_thetaSwing25.1
S01_walk_008,not_fall,0,walk,2.48,249,248,88,-1.262,-0.291,0.644,-43.9,42.7,-41.4,1.446,5.002,False,160,suspected_fall_peak1.70_az0.03_maxGyro111.0_thetaSwing25.1
S01_walk_008,not_fall,0,walk,2.49,250,249,89,-1.295,-0.346,0.762,-23.6,59.4,-11.9,1.542,9.592,False,160,suspected_fall_peak1.70_az0.03_maxGyro111.0_thetaSwing25.1
S01_walk_008,not_fall,0,walk,2.50,251,250,90,-1.177,-0.282,0.701,0.6,64.0,8.8,1.399,14.331,False,160,suspected_fall_peak1.70_az0.03_maxGyro111.0_thetaSwing25.1
S01_walk_008,not_fall,0,walk,2.51,252,251,91,-1.124,-0.165,0.641,28.2,39.2,23.4,1.304,9.467,False,160,suspected_fall_peak1.70_az0.03_maxGyro111.0_thetaSwing25.1
S01_walk_008,not_fall,0,walk,2.52,253,252,92,-1.077,-0.155,0.552,54.8,8.0,35.6,1.22,8.436,False,160,suspected_fall_peak1.70_az0.03_maxGyro111.0_thetaSwing25.1
S01_walk_008,not_fall,0,walk,2.53,254,253,93,-0.976,-0.167,0.447,74.4,-8.3,43.1,1.086,13.389,False,160,suspected_fall_peak1.70_az0.03_maxGyro111.0_thetaSwing25.1
S01_walk_008,not_fall,0,walk,2.54,255,254,94,-0.886,-0.134,0.308,81.2,-13.0,40.5,0.948,13.849,False,160,suspected_fall_peak1.70_az0.03_maxGyro111.0_thetaSwing25.1
S01_walk_008,not_fall,0,walk,2.55,256,255,95,-0.878,-0.107,0.261,83.0,-21.4,34.4,0.923,2.484,False,160,suspected_fall_peak1.70_az0.03_maxGyro111.0_thetaSwing25.1
S01_walk_008,not_fall,0,walk,2.56,257,256,96,-0.87,-0.06,0.175,82.0,-33.2,27.1,0.889,3.362,False,160,suspected_fall_peak1.70_az0.03_maxGyro111.0_thetaSwing25.1
S01_walk_008,not_fall,0,walk,2.57,258,257,97,-0.902,-0.035,0.18,81.6,-39.5,18.3,0.92,3.123,False,160,suspected_fall_peak1.70_az0.03_maxGyro111.0_thetaSwing25.1
S01_walk_008,not_fall,0,walk,2.58,259,258,98,-0.926,-0.043,0.145,81.2,-47.9,14.5,0.939,1.81,False,160,suspected_fall_peak1.70_az0.03_maxGyro111.0_thetaSwing25.1
S01_walk_008,not_fall,0,walk,2.59,260,259,99,-0.974,-0.014,0.183,80.4,-53.5,10.5,0.991,5.233,False,160,suspected_fall_peak1.70_az0.03_maxGyro111.0_thetaSwing25.1
S01_walk_008,not_fall,0,walk,2.60,261,260,100,-0.991,-0.033,0.191,79.4,-54.1,10.1,1.01,1.918,False,160,suspected_fall_peak1.70_az0.03_maxGyro111.0_thetaSwing25.1
S01_walk_008,not_fall,0,walk,2.61,262,261,101,-0.977,-0.038,0.199,74.5,-49.7,8.9,0.998,1.237,False,160,suspected_fall_peak1.70_az0.03_maxGyro111.0_thetaSwing25.1
S01_walk_008,not_fall,0,walk,2.62,263,262,102,-0.986,-0.052,0.188,67.8,-45.6,9.0,1.006,0.784,False,160,suspected_fall_peak1.70_az0.03_maxGyro111.0_thetaSwing25.1
S01_walk_008,not_fall,0,walk,2.63,264,263,103,-0.975,-0.06,0.156,59.9,-40.4,9.5,0.989,1.611,False,160,suspected_fall_peak1.70_az0.03_maxGyro111.0_thetaSwing25.1
S01_walk_008,not_fall,0,walk,2.64,265,264,104,-0.984,-0.065,0.128,50.5,-37.7,9.0,0.994,0.476,False,160,suspected_fall_peak1.70_az0.03_maxGyro111.0_thetaSwing25.1
S01_walk_008,not_fall,0,walk,2.65,266,265,105,-1.004,-0.074,0.118,40.5,-35.4,9.5,1.013,1.913,False,160,suspected_fall_peak1.70_az0.03_maxGyro111.0_thetaSwing25.1
S01_walk_008,not_fall,0,walk,2.66,267,266,106,-1.003,-0.065,0.109,31.3,-33.0,8.6,1.011,0.232,False,160,suspected_fall_peak1.70_az0.03_maxGyro111.0_thetaSwing25.1
S01_walk_008,not_fall,0,walk,2.67,268,267,107,-1.014,-0.056,0.101,22.1,-31.2,4.7,1.021,0.973,False,160,suspected_fall_peak1.70_az0.03_maxGyro111.0_thetaSwing25.1
S01_walk_008,not_fall,0,walk,2.68,269,268,108,-1.035,-0.043,0.157,8.4,-29.5,0.1,1.048,2.727,False,160,suspected_fall_peak1.70_az0.03_maxGyro111.0_thetaSwing25.1
S01_walk_008,not_fall,0,walk,2.69,270,269,109,-1.03,-0.044,0.2,4.9,-29.2,-1.6,1.05,0.184,False,160,suspected_fall_peak1.70_az0.03_maxGyro111.0_thetaSwing25.1
S01_walk_008,not_fall,0,walk,2.70,271,270,110,-1.01,-0.06,0.218,1.4,-26.5,-2.9,1.035,1.486,False,160,suspected_fall_peak1.70_az0.03_maxGyro111.0_thetaSwing25.1
S01_walk_008,not_fall,0,walk,2.71,272,271,111,-0.98,-0.039,0.242,-1.8,-23.4,-4.1,1.011,2.436,False,160,suspected_fall_peak1.70_az0.03_maxGyro111.0_thetaSwing25.1
S01_walk_008,not_fall,0,walk,2.72,273,272,112,-0.961,-0.044,0.238,-2.5,-20.5,-4.6,0.991,1.938,False,160,suspected_fall_peak1.70_az0.03_maxGyro111.0_thetaSwing25.1
S01_walk_008,not_fall,0,walk,2.73,274,273,113,-0.927,-0.044,0.22,-4.0,-20.1,-6.7,0.954,3.761,False,160,suspected_fall_peak1.70_az0.03_maxGyro111.0_thetaSwing25.1
S01_walk_008,not_fall,0,walk,2.74,275,274,114,-0.9,-0.082,0.25,-6.4,-18.5,-7.0,0.938,1.585,False,160,suspected_fall_peak1.70_az0.03_maxGyro111.0_thetaSwing25.1
S01_walk_008,not_fall,0,walk,2.75,276,275,115,-0.857,-0.064,0.199,-7.9,-21.0,-8.8,0.882,5.579,False,160,suspected_fall_peak1.70_az0.03_maxGyro111.0_thetaSwing25.1
S01_walk_008,not_fall,0,walk,2.76,277,276,116,-0.832,-0.033,0.217,-9.0,-23.9,-12.1,0.861,2.142,False,160,suspected_fall_peak1.70_az0.03_maxGyro111.0_thetaSwing25.1
S01_walk_008,not_fall,0,walk,2.77,278,277,117,-0.835,-0.026,0.202,-8.1,-24.2,-15.3,0.859,0.12,False,160,suspected_fall_peak1.70_az0.03_maxGyro111.0_thetaSwing25.1
S01_walk_008,not_fall,0,walk,2.78,279,278,118,-0.862,-0.054,0.199,-9.8,-25.6,-16.3,0.886,2.712,False,160,suspected_fall_peak1.70_az0.03_maxGyro111.0_thetaSwing25.1
S01_walk_008,not_fall,0,walk,2.79,280,279,119,-0.837,0.064,0.211,-11.1,-28.5,-22.8,0.866,2.051,False,160,suspected_fall_peak1.70_az0.03_maxGyro111.0_thetaSwing25.1
S01_walk_008,not_fall,0,walk,2.80,281,280,120,-0.93,0.086,0.261,-6.5,-26.0,-23.1,0.97,10.403,False,160,suspected_fall_peak1.70_az0.03_maxGyro111.0_thetaSwing25.1
S01_walk_008,not_fall,0,walk,2.81,282,281,121,-0.847,0.032,0.279,5.7,-20.6,-27.1,0.892,7.755,False,160,suspected_fall_peak1.70_az0.03_maxGyro111.0_thetaSwing25.1
S01_walk_008,not_fall,0,walk,2.82,283,282,122,-0.844,-0.003,0.141,4.6,-28.4,-36.1,0.856,3.641,False,160,suspected_fall_peak1.70_az0.03_maxGyro111.0_thetaSwing25.1
S01_walk_008,not_fall,0,walk,2.83,284,283,123,-0.887,-0.004,0.119,-3.1,-42.3,-42.9,0.895,3.866,False,160,suspected_fall_peak1.70_az0.03_maxGyro111.0_thetaSwing25.1
S01_walk_008,not_fall,0,walk,2.84,285,284,124,-0.942,-0.003,0.187,-5.9,-50.0,-47.7,0.961,6.61,False,160,suspected_fall_peak1.70_az0.03_maxGyro111.0_thetaSwing25.1
S01_walk_008,not_fall,0,walk,2.85,286,285,125,-0.955,-0.006,0.23,-2.8,-48.3,-50.2,0.982,2.145,False,160,suspected_fall_peak1.70_az0.03_maxGyro111.0_thetaSwing25.1
S01_walk_008,not_fall,0,walk,2.86,287,286,126,-0.933,-0.052,0.242,1.3,-45.5,-54.1,0.965,1.72,False,160,suspected_fall_peak1.70_az0.03_maxGyro111.0_thetaSwing25.1
S01_walk_008,not_fall,0,walk,2.87,288,287,127,-0.909,-0.123,0.294,5.2,-37.0,-54.0,0.964,0.114,False,160,suspected_fall_peak1.70_az0.03_maxGyro111.0_thetaSwing25.1
S01_walk_008,not_fall,0,walk,2.88,289,288,128,-0.893,-0.137,0.286,7.9,-32.6,-54.0,0.948,1.616,False,160,suspected_fall_peak1.70_az0.03_maxGyro111.0_thetaSwing25.1
S01_walk_008,not_fall,0,walk,2.89,290,289,129,-0.88,-0.206,0.304,10.6,-25.1,-47.4,0.954,0.579,False,160,suspected_fall_peak1.70_az0.03_maxGyro111.0_thetaSwing25.1
S01_walk_008,not_fall,0,walk,2.90,291,290,130,-0.829,-0.214,0.338,12.5,-12.8,-43.2,0.921,3.261,False,160,suspected_fall_peak1.70_az0.03_maxGyro111.0_thetaSwing25.1
S01_walk_008,not_fall,0,walk,2.91,292,291,131,-0.812,-0.244,0.33,11.1,-1.1,-37.0,0.91,1.063,False,160,suspected_fall_peak1.70_az0.03_maxGyro111.0_thetaSwing25.1
S01_walk_008,not_fall,0,walk,2.92,293,292,132,-0.848,-0.267,0.3,0.8,6.0,-22.2,0.938,2.805,False,160,suspected_fall_peak1.70_az0.03_maxGyro111.0_thetaSwing25.1
S01_walk_008,not_fall,0,walk,2.93,294,293,133,-0.965,-0.268,0.506,-5.6,14.5,-16.5,1.123,18.448,False,160,suspected_fall_peak1.70_az0.03_maxGyro111.0_thetaSwing25.1
S01_walk_008,not_fall,0,walk,2.94,295,294,134,-1.076,-0.158,0.804,-1.1,40.9,-11.3,1.353,22.987,False,160,suspected_fall_peak1.70_az0.03_maxGyro111.0_thetaSwing25.1
S01_walk_008,not_fall,0,walk,2.95,296,295,135,-1.189,-0.162,1.036,26.4,68.3,-5.2,1.585,23.277,False,160,suspected_fall_peak1.70_az0.03_maxGyro111.0_thetaSwing25.1
S01_walk_008,not_fall,0,walk,2.96,297,296,136,-1.243,-0.211,0.96,60.6,79.3,9.4,1.585,0.048,False,160,suspected_fall_peak1.70_az0.03_maxGyro111.0_thetaSwing25.1
S01_walk_008,not_fall,0,walk,2.97,298,297,137,-1.235,-0.297,0.777,86.0,66.3,22.6,1.489,9.56,False,160,suspected_fall_peak1.70_az0.03_maxGyro111.0_thetaSwing25.1
S01_walk_008,not_fall,0,walk,2.98,299,298,138,-1.183,-0.326,0.679,100.5,52.7,36.1,1.403,8.653,False,160,suspected_fall_peak1.70_az0.03_maxGyro111.0_thetaSwing25.1
S01_walk_008,not_fall,0,walk,2.99,300,299,139,-1.181,-0.243,0.605,109.8,46.0,40.8,1.349,5.4,False,160,suspected_fall_peak1.70_az0.03_maxGyro111.0_thetaSwing25.1
S01_walk_008,not_fall,0,walk,3.00,301,300,140,-1.098,-0.146,0.504,114.6,46.3,41.4,1.217,13.159,False,160,suspected_fall_peak1.70_az0.03_maxGyro111.0_thetaSwing25.1
S01_walk_008,not_fall,0,walk,3.01,302,301,141,-1.031,-0.06,0.448,118.6,48.7,38.1,1.126,9.089,False,160,suspected_fall_peak1.70_az0.03_maxGyro111.0_thetaSwing25.1
S01_walk_008,not_fall,0,walk,3.02,303,302,142,-0.988,-0.012,0.405,120.5,49.1,32.7,1.068,5.848,False,160,suspected_fall_peak1.70_az0.03_maxGyro111.0_thetaSwing25.1
S01_walk_008,not_fall,0,walk,3.03,304,303,143,-1.01,-0.042,0.392,120.1,48.4,25.6,1.084,1.639,False,160,suspected_fall_peak1.70_az0.03_maxGyro111.0_thetaSwing25.1
S01_walk_008,not_fall,0,walk,3.04,305,304,144,-1.041,-0.06,0.426,119.0,47.6,21.6,1.127,4.262,False,160,suspected_fall_peak1.70_az0.03_maxGyro111.0_thetaSwing25.1
S01_walk_008,not_fall,0,walk,3.05,306,305,145,-1.03,-0.055,0.469,119.2,48.7,21.2,1.133,0.63,False,160,suspected_fall_peak1.70_az0.03_maxGyro111.0_thetaSwing25.1
S01_walk_008,not_fall,0,walk,3.06,307,306,146,-1.037,-0.052,0.528,120.9,54.0,18.5,1.165,3.197,False,160,suspected_fall_peak1.70_az0.03_maxGyro111.0_thetaSwing25.1
S01_walk_008,not_fall,0,walk,3.07,308,307,147,-1.013,-0.056,0.512,127.6,57.6,23.5,1.136,2.883,False,160,suspected_fall_peak1.70_az0.03_maxGyro111.0_thetaSwing25.1
S01_walk_008,not_fall,0,walk,3.08,309,308,148,-0.966,-0.068,0.472,131.9,57.6,23.7,1.077,5.904,False,160,suspected_fall_peak1.70_az0.03_maxGyro111.0_thetaSwing25.1
S01_walk_008,not_fall,0,walk,3.09,310,309,149,-0.932,-0.102,0.366,129.7,44.9,26.0,1.007,7.038,False,160,suspected_fall_peak1.70_az0.03_maxGyro111.0_thetaSwing25.1
S01_walk_008,not_fall,0,walk,3.10,311,310,150,-0.906,-0.076,0.353,123.4,32.1,24.9,0.975,3.192,False,160,suspected_fall_peak1.70_az0.03_maxGyro111.0_thetaSwing25.1
S01_walk_008,not_fall,0,walk,3.11,312,311,151,-0.912,-0.087,0.267,115.8,16.7,24.2,0.955,2.041,False,160,suspected_fall_peak1.70_az0.03_maxGyro111.0_thetaSwing25.1
S01_walk_008,not_fall,0,walk,3.12,313,312,152,-0.838,-0.067,0.31,108.7,6.4,21.2,0.896,5.859,False,160,suspected_fall_peak1.70_az0.03_maxGyro111.0_thetaSwing25.1
S01_walk_008,not_fall,0,walk,3.13,314,313,153,-0.872,0.012,0.18,98.4,-6.7,13.1,0.891,0.525,False,160,suspected_fall_peak1.70_az0.03_maxGyro111.0_thetaSwing25.1
S01_walk_008,not_fall,0,walk,3.14,315,314,154,-0.83,0.054,0.216,87.1,-15.7,8.7,0.86,3.097,False,160,suspected_fall_peak1.70_az0.03_maxGyro111.0_thetaSwing25.1
S01_walk_008,not_fall,0,walk,3.15,316,315,155,-0.817,0.137,0.23,78.5,-19.9,5.6,0.86,0.019,False,160,suspected_fall_peak1.70_az0.03_maxGyro111.0_thetaSwing25.1
S01_walk_008,not_fall,0,walk,3.16,317,316,156,-0.834,0.187,0.21,71.8,-22.5,1.2,0.88,2.025,False,160,suspected_fall_peak1.70_az0.03_maxGyro111.0_thetaSwing25.1
S01_walk_008,not_fall,0,walk,3.17,318,317,157,-0.85,0.209,0.191,63.4,-24.3,-1.3,0.897,1.632,False,160,suspected_fall_peak1.70_az0.03_maxGyro111.0_thetaSwing25.1
S01_walk_008,not_fall,0,walk,3.18,319,318,158,-0.806,0.238,0.183,54.4,-28.7,-6.7,0.861,3.581,False,160,suspected_fall_peak1.70_az0.03_maxGyro111.0_thetaSwing25.1
S01_walk_008,not_fall,0,walk,3.19,320,319,159,-0.906,0.287,0.138,44.4,-34.3,-3.7,0.96,9.954,False,160,suspected_fall_peak1.70_az0.03_maxGyro111.0_thetaSwing25.1
